Campaign,Ad Group,Keyword,Criterion Type,Ad type,Final URL,Path 1,Path 2,Headline 1,Headline 2,Headline 3,Headline 4,Headline 5,Headline 6,Headline 7,Headline 8,Headline 9,Headline 10,Headline 11,Headline 12,Headline 13,Headline 14,Headline 15,Headline 1 position,Headline 2 position,Headline 3 position,Headline 4 position,Headline 5 position,Headline 6 position,Headline 7 position,Headline 8 position,Headline 9 position,Headline 10 position,Headline 11 position,Headline 12 position,Headline 13 position,Headline 14 position,Headline 15 position,Description 1,Description 2,Description 3,Description 4,Status
Invitaciones · Búsqueda · AR,,app para,Campaign Negative Broad,,,,,,,,,,,,,,,,,,,,,,,,,,,,,,,,,,,,,,,Enabled
Invitaciones · Búsqueda · AR,,aprender,Campaign Negative Broad,,,,,,,,,,,,,,,,,,,,,,,,,,,,,,,,,,,,,,,Enabled
Invitaciones · Búsqueda · AR,,bautismo religioso,Campaign Negative Broad,,,,,,,,,,,,,,,,,,,,,,,,,,,,,,,,,,,,,,,Enabled
Invitaciones · Búsqueda · AR,,canva,Campaign Negative Broad,,,,,,,,,,,,,,,,,,,,,,,,,,,,,,,,,,,,,,,Enabled
Invitaciones · Búsqueda · AR,,como hacer,Campaign Negative Broad,,,,,,,,,,,,,,,,,,,,,,,,,,,,,,,,,,,,,,,Enabled
Invitaciones · Búsqueda · AR,,como se hace,Campaign Negative Broad,,,,,,,,,,,,,,,,,,,,,,,,,,,,,,,,,,,,,,,Enabled
Invitaciones · Búsqueda · AR,,curso,Campaign Negative Broad,,,,,,,,,,,,,,,,,,,,,,,,,,,,,,,,,,,,,,,Enabled
Invitaciones · Búsqueda · AR,,descarga,Campaign Negative Broad,,,,,,,,,,,,,,,,,,,,,,,,,,,,,,,,,,,,,,,Enabled
Invitaciones · Búsqueda · AR,,descargar,Campaign Negative Broad,,,,,,,,,,,,,,,,,,,,,,,,,,,,,,,,,,,,,,,Enabled
Invitaciones · Búsqueda · AR,,diseñar yo,Campaign Negative Broad,,,,,,,,,,,,,,,,,,,,,,,,,,,,,,,,,,,,,,,Enabled
Invitaciones · Búsqueda · AR,,editable,Campaign Negative Broad,,,,,,,,,,,,,,,,,,,,,,,,,,,,,,,,,,,,,,,Enabled
Invitaciones · Búsqueda · AR,,editables,Campaign Negative Broad,,,,,,,,,,,,,,,,,,,,,,,,,,,,,,,,,,,,,,,Enabled
Invitaciones · Búsqueda · AR,,empleo,Campaign Negative Broad,,,,,,,,,,,,,,,,,,,,,,,,,,,,,,,,,,,,,,,Enabled
Invitaciones · Búsqueda · AR,,fondos,Campaign Negative Broad,,,,,,,,,,,,,,,,,,,,,,,,,,,,,,,,,,,,,,,Enabled
Invitaciones · Búsqueda · AR,,free,Campaign Negative Broad,,,,,,,,,,,,,,,,,,,,,,,,,,,,,,,,,,,,,,,Enabled
Invitaciones · Búsqueda · AR,,funeral,Campaign Negative Broad,,,,,,,,,,,,,,,,,,,,,,,,,,,,,,,,,,,,,,,Enabled
Invitaciones · Búsqueda · AR,,gratis,Campaign Negative Broad,,,,,,,,,,,,,,,,,,,,,,,,,,,,,,,,,,,,,,,Enabled
Invitaciones · Búsqueda · AR,,gratuitas,Campaign Negative Broad,,,,,,,,,,,,,,,,,,,,,,,,,,,,,,,,,,,,,,,Enabled
Invitaciones · Búsqueda · AR,,gratuito,Campaign Negative Broad,,,,,,,,,,,,,,,,,,,,,,,,,,,,,,,,,,,,,,,Enabled
Invitaciones · Búsqueda · AR,,hacerla yo,Campaign Negative Broad,,,,,,,,,,,,,,,,,,,,,,,,,,,,,,,,,,,,,,,Enabled
Invitaciones · Búsqueda · AR,,ideas,Campaign Negative Broad,,,,,,,,,,,,,,,,,,,,,,,,,,,,,,,,,,,,,,,Enabled
Invitaciones · Búsqueda · AR,,imagenes,Campaign Negative Broad,,,,,,,,,,,,,,,,,,,,,,,,,,,,,,,,,,,,,,,Enabled
Invitaciones · Búsqueda · AR,,imprenta,Campaign Negative Broad,,,,,,,,,,,,,,,,,,,,,,,,,,,,,,,,,,,,,,,Enabled
Invitaciones · Búsqueda · AR,,imprimible,Campaign Negative Broad,,,,,,,,,,,,,,,,,,,,,,,,,,,,,,,,,,,,,,,Enabled
Invitaciones · Búsqueda · AR,,imprimibles,Campaign Negative Broad,,,,,,,,,,,,,,,,,,,,,,,,,,,,,,,,,,,,,,,Enabled
Invitaciones · Búsqueda · AR,,imprimir,Campaign Negative Broad,,,,,,,,,,,,,,,,,,,,,,,,,,,,,,,,,,,,,,,Enabled
Invitaciones · Búsqueda · AR,,jpg,Campaign Negative Broad,,,,,,,,,,,,,,,,,,,,,,,,,,,,,,,,,,,,,,,Enabled
Invitaciones · Búsqueda · AR,,papeleria,Campaign Negative Broad,,,,,,,,,,,,,,,,,,,,,,,,,,,,,,,,,,,,,,,Enabled
Invitaciones · Búsqueda · AR,,para imprimir,Campaign Negative Broad,,,,,,,,,,,,,,,,,,,,,,,,,,,,,,,,,,,,,,,Enabled
Invitaciones · Búsqueda · AR,,pdf,Campaign Negative Broad,,,,,,,,,,,,,,,,,,,,,,,,,,,,,,,,,,,,,,,Enabled
Invitaciones · Búsqueda · AR,,photoshop,Campaign Negative Broad,,,,,,,,,,,,,,,,,,,,,,,,,,,,,,,,,,,,,,,Enabled
Invitaciones · Búsqueda · AR,,plantilla,Campaign Negative Broad,,,,,,,,,,,,,,,,,,,,,,,,,,,,,,,,,,,,,,,Enabled
Invitaciones · Búsqueda · AR,,plantillas,Campaign Negative Broad,,,,,,,,,,,,,,,,,,,,,,,,,,,,,,,,,,,,,,,Enabled
Invitaciones · Búsqueda · AR,,png,Campaign Negative Broad,,,,,,,,,,,,,,,,,,,,,,,,,,,,,,,,,,,,,,,Enabled
Invitaciones · Búsqueda · AR,,powerpoint,Campaign Negative Broad,,,,,,,,,,,,,,,,,,,,,,,,,,,,,,,,,,,,,,,Enabled
Invitaciones · Búsqueda · AR,,programa para,Campaign Negative Broad,,,,,,,,,,,,,,,,,,,,,,,,,,,,,,,,,,,,,,,Enabled
Invitaciones · Búsqueda · AR,,psd,Campaign Negative Broad,,,,,,,,,,,,,,,,,,,,,,,,,,,,,,,,,,,,,,,Enabled
Invitaciones · Búsqueda · AR,,que es,Campaign Negative Broad,,,,,,,,,,,,,,,,,,,,,,,,,,,,,,,,,,,,,,,Enabled
Invitaciones · Búsqueda · AR,,significado,Campaign Negative Broad,,,,,,,,,,,,,,,,,,,,,,,,,,,,,,,,,,,,,,,Enabled
Invitaciones · Búsqueda · AR,,sobres de papel,Campaign Negative Broad,,,,,,,,,,,,,,,,,,,,,,,,,,,,,,,,,,,,,,,Enabled
Invitaciones · Búsqueda · AR,,sueldo,Campaign Negative Broad,,,,,,,,,,,,,,,,,,,,,,,,,,,,,,,,,,,,,,,Enabled
Invitaciones · Búsqueda · AR,,tarjetas impresas,Campaign Negative Broad,,,,,,,,,,,,,,,,,,,,,,,,,,,,,,,,,,,,,,,Enabled
Invitaciones · Búsqueda · AR,,template,Campaign Negative Broad,,,,,,,,,,,,,,,,,,,,,,,,,,,,,,,,,,,,,,,Enabled
Invitaciones · Búsqueda · AR,,templates,Campaign Negative Broad,,,,,,,,,,,,,,,,,,,,,,,,,,,,,,,,,,,,,,,Enabled
Invitaciones · Búsqueda · AR,,trabajo,Campaign Negative Broad,,,,,,,,,,,,,,,,,,,,,,,,,,,,,,,,,,,,,,,Enabled
Invitaciones · Búsqueda · AR,,tutorial,Campaign Negative Broad,,,,,,,,,,,,,,,,,,,,,,,,,,,,,,,,,,,,,,,Enabled
Invitaciones · Búsqueda · AR,,vacante,Campaign Negative Broad,,,,,,,,,,,,,,,,,,,,,,,,,,,,,,,,,,,,,,,Enabled
Invitaciones · Búsqueda · AR,,velatorio,Campaign Negative Broad,,,,,,,,,,,,,,,,,,,,,,,,,,,,,,,,,,,,,,,Enabled
Invitaciones · Búsqueda · AR,,word,Campaign Negative Broad,,,,,,,,,,,,,,,,,,,,,,,,,,,,,,,,,,,,,,,Enabled
Invitaciones · Búsqueda · AR,Invitaciones digitales,invitaciones digitales,Phrase,,,,,,,,,,,,,,,,,,,,,,,,,,,,,,,,,,,,,,,Enabled
Invitaciones · Búsqueda · AR,Invitaciones digitales,invitacion digital,Phrase,,,,,,,,,,,,,,,,,,,,,,,,,,,,,,,,,,,,,,,Enabled
Invitaciones · Búsqueda · AR,Invitaciones digitales,invitaciones digitales para fiestas,Phrase,,,,,,,,,,,,,,,,,,,,,,,,,,,,,,,,,,,,,,,Enabled
Invitaciones · Búsqueda · AR,Invitaciones digitales,invitaciones virtuales,Phrase,,,,,,,,,,,,,,,,,,,,,,,,,,,,,,,,,,,,,,,Enabled
Invitaciones · Búsqueda · AR,Invitaciones digitales,invitacion web para evento,Phrase,,,,,,,,,,,,,,,,,,,,,,,,,,,,,,,,,,,,,,,Enabled
Invitaciones · Búsqueda · AR,Invitaciones digitales,invitaciones digitales con confirmacion,Phrase,,,,,,,,,,,,,,,,,,,,,,,,,,,,,,,,,,,,,,,Enabled
Invitaciones · Búsqueda · AR,Invitaciones digitales,invitaciones digitales animadas,Phrase,,,,,,,,,,,,,,,,,,,,,,,,,,,,,,,,,,,,,,,Enabled
Invitaciones · Búsqueda · AR,Invitaciones digitales,invitaciones interactivas,Phrase,,,,,,,,,,,,,,,,,,,,,,,,,,,,,,,,,,,,,,,Enabled
Invitaciones · Búsqueda · AR,Invitaciones digitales,invitaciones digitales,Exact,,,,,,,,,,,,,,,,,,,,,,,,,,,,,,,,,,,,,,,Enabled
Invitaciones · Búsqueda · AR,Invitaciones digitales,invitacion digital,Exact,,,,,,,,,,,,,,,,,,,,,,,,,,,,,,,,,,,,,,,Enabled
Invitaciones · Búsqueda · AR,Invitaciones digitales,invitaciones digitales argentina,Exact,,,,,,,,,,,,,,,,,,,,,,,,,,,,,,,,,,,,,,,Enabled
Invitaciones · Búsqueda · AR,Invitaciones digitales,,,Responsive search ad,https://clicketerno.com.ar/#invitaciones,invitaciones,digitales,Invitaciones digitales,"Tu invitación, una web",Invitación digital 15 años,Invitaciones para casamiento,Se abre como un sobre,Confirman desde el celular,"Diseño a medida, no plantilla",Mirala funcionando ahora,Sin apps ni papelitos,Cuenta regresiva en vivo,Los invitados eligen la música,Probala antes de contratar,Hecha para tu fiesta,Se manda por WhatsApp,Click Eterno · Rosario,1,,,,,,,,,,,,,,,No es una imagen: es una web para tu fiesta. Se abre como un sobre y confirma asistencia.,"Cuenta regresiva, confirmación, playlist, mapa y alias para regalos. Todo en un link.","Entrá y tocá una invitación real, la misma que recibieron los invitados. Probala gratis.","Diseño a medida para tu evento, no una plantilla de una lista. Escribinos y te cotizamos.",Enabled
Invitaciones · Búsqueda · AR,XV años,invitacion digital 15 años,Phrase,,,,,,,,,,,,,,,,,,,,,,,,,,,,,,,,,,,,,,,Enabled
Invitaciones · Búsqueda · AR,XV años,invitaciones digitales 15 años,Phrase,,,,,,,,,,,,,,,,,,,,,,,,,,,,,,,,,,,,,,,Enabled
Invitaciones · Búsqueda · AR,XV años,tarjeta digital 15 años,Phrase,,,,,,,,,,,,,,,,,,,,,,,,,,,,,,,,,,,,,,,Enabled
Invitaciones · Búsqueda · AR,XV años,invitacion virtual 15 años,Phrase,,,,,,,,,,,,,,,,,,,,,,,,,,,,,,,,,,,,,,,Enabled
Invitaciones · Búsqueda · AR,XV años,invitaciones para 15 años,Phrase,,,,,,,,,,,,,,,,,,,,,,,,,,,,,,,,,,,,,,,Enabled
Invitaciones · Búsqueda · AR,XV años,tarjetas de 15 años digitales,Phrase,,,,,,,,,,,,,,,,,,,,,,,,,,,,,,,,,,,,,,,Enabled
Invitaciones · Búsqueda · AR,XV años,invitacion digital 15 años,Exact,,,,,,,,,,,,,,,,,,,,,,,,,,,,,,,,,,,,,,,Enabled
Invitaciones · Búsqueda · AR,XV años,invitaciones digitales para 15 años,Exact,,,,,,,,,,,,,,,,,,,,,,,,,,,,,,,,,,,,,,,Enabled
Invitaciones · Búsqueda · AR,XV años,invitacion 15 años digital,Exact,,,,,,,,,,,,,,,,,,,,,,,,,,,,,,,,,,,,,,,Enabled
Invitaciones · Búsqueda · AR,XV años,,,Responsive search ad,https://clicketerno.com.ar/#invitaciones,invitaciones,digitales,Invitación digital 15 años,Invitaciones digitales,"Tu invitación, una web",Invitaciones para casamiento,Se abre como un sobre,Confirman desde el celular,"Diseño a medida, no plantilla",Mirala funcionando ahora,Sin apps ni papelitos,Cuenta regresiva en vivo,Los invitados eligen la música,Probala antes de contratar,Hecha para tu fiesta,Se manda por WhatsApp,Click Eterno · Rosario,1,,,,,,,,,,,,,,,No es una imagen: es una web para tu fiesta. Se abre como un sobre y confirma asistencia.,"Cuenta regresiva, confirmación, playlist, mapa y alias para regalos. Todo en un link.","Entrá y tocá una invitación real, la misma que recibieron los invitados. Probala gratis.","Diseño a medida para tu evento, no una plantilla de una lista. Escribinos y te cotizamos.",Enabled
Invitaciones · Búsqueda · AR,Casamiento,invitacion digital casamiento,Phrase,,,,,,,,,,,,,,,,,,,,,,,,,,,,,,,,,,,,,,,Enabled
Invitaciones · Búsqueda · AR,Casamiento,invitaciones digitales boda,Phrase,,,,,,,,,,,,,,,,,,,,,,,,,,,,,,,,,,,,,,,Enabled
Invitaciones · Búsqueda · AR,Casamiento,invitacion digital boda,Phrase,,,,,,,,,,,,,,,,,,,,,,,,,,,,,,,,,,,,,,,Enabled
Invitaciones · Búsqueda · AR,Casamiento,tarjeta digital casamiento,Phrase,,,,,,,,,,,,,,,,,,,,,,,,,,,,,,,,,,,,,,,Enabled
Invitaciones · Búsqueda · AR,Casamiento,invitaciones de casamiento digitales,Phrase,,,,,,,,,,,,,,,,,,,,,,,,,,,,,,,,,,,,,,,Enabled
Invitaciones · Búsqueda · AR,Casamiento,invitacion web casamiento,Phrase,,,,,,,,,,,,,,,,,,,,,,,,,,,,,,,,,,,,,,,Enabled
Invitaciones · Búsqueda · AR,Casamiento,invitacion digital casamiento,Exact,,,,,,,,,,,,,,,,,,,,,,,,,,,,,,,,,,,,,,,Enabled
Invitaciones · Búsqueda · AR,Casamiento,invitaciones digitales casamiento,Exact,,,,,,,,,,,,,,,,,,,,,,,,,,,,,,,,,,,,,,,Enabled
Invitaciones · Búsqueda · AR,Casamiento,invitacion digital boda,Exact,,,,,,,,,,,,,,,,,,,,,,,,,,,,,,,,,,,,,,,Enabled
Invitaciones · Búsqueda · AR,Casamiento,,,Responsive search ad,https://clicketerno.com.ar/#invitaciones,invitaciones,digitales,Invitaciones para casamiento,Invitaciones digitales,"Tu invitación, una web",Invitación digital 15 años,Se abre como un sobre,Confirman desde el celular,"Diseño a medida, no plantilla",Mirala funcionando ahora,Sin apps ni papelitos,Cuenta regresiva en vivo,Los invitados eligen la música,Probala antes de contratar,Hecha para tu fiesta,Se manda por WhatsApp,Click Eterno · Rosario,1,,,,,,,,,,,,,,,No es una imagen: es una web para tu fiesta. Se abre como un sobre y confirma asistencia.,"Cuenta regresiva, confirmación, playlist, mapa y alias para regalos. Todo en un link.","Entrá y tocá una invitación real, la misma que recibieron los invitados. Probala gratis.","Diseño a medida para tu evento, no una plantilla de una lista. Escribinos y te cotizamos.",Enabled
